Province,27/04/2021,28/04/2021,29/04/2021,30/04/2021,1/5/2021,2/5/2021,3/5/2021,4/5/2021,5/5/2021,6/5/2021,7/5/2021,8/5/2021,9/5/2021,10/5/2021,11/5/2021,12/5/2021,13/05/2021,14/05/2021,15/05/2021,16/05/2021,17/05/2021,18/05/2021,19/05/2021,20/05/2021,21/05/2021,22/05/2021,23/05/2021,24/05/2021,25/05/2021,26/05/2021,27/05/2021,28/05/2021,29/05/2021,30/05/2021,31/05/2021,1/6/2021,2/6/2021,3/6/2021,4/6/2021,5/6/2021,6/6/2021,7/6/2021,8/6/2021,9/6/2021,10/6/2021,11/6/2021,12/6/2021,13/06/2021,14/06/2021,15/06/2021,16/06/2021,17/06/2021,18/06/2021,19/06/2021,20/06/2021,21/06/2021,22/06/2021,23/06/2021,24/06/2021,25/06/2021,26/06/2021,27/06/2021,28/06/2021,29/06/2021,30/06/2021,1/7/2021,2/7/2021,3/7/2021,4/7/2021,5/7/2021,6/7/2021,7/7/2021,8/7/2021,9/7/2021,10/7/2021,11/7/2021,12/7/2021,13/07/2021,14/07/2021,15/07/2021,16/07/2021,17/07/2021,18/07/2021,19/07/2021,20/07/2021,21/07/2021,22/07/2021,23/07/2021,24/07/2021,25/07/2021,26/07/2021,27/07/2021,28/07/2021,29/07/2021,30/07/2021,31/07/2021,1/8/2021,2/8/2021,3/8/2021,4/8/2021,5/8/2021,6/8/2021,7/8/2021,8/8/2021,9/8/2021,10/8/2021,11/8/2021,12/8/2021,13/08/2021,14/08/2021,15/08/2021,16/08/2021,17/08/2021,18/08/2021,19/08/2021,20/08/2021,21/08/2021,22/08/2021,23/08/2021,24/08/2021,25/08/2021,26/08/2021,27/08/2021,28/08/2021,29/08/2021,30/08/2021,31/08/2021,1/9/2021,2/9/2021,3/9/2021,5/9/2021,6/9/2021,7/9/2021,8/9/2021,9/9/2021,10/9/2021,11/9/2021,12/9/2021,13/09/2021,14/09/2021,15/09/2021,16/09/2021,17/09/2021,18/09/2021,19/09/2021,20/09/2021,21/09/2021,22/09/2021,23/09/2021,24/09/2021,25/09/2021,26/09/2021,27/09/2021,28/09/2021,29/09/2021,30/09/2021,1/10/2021,2/10/2021,3/10/2021,4/10/2021,5/10/2021,6/10/2021,7/10/2021,8/10/2021,9/10/2021,10/10/2021,11/10/2021,12/10/2021,13/10/2021,14/10/2021,15/10/2021,16/10/2021,17/10/2021,18/10/2021,19/10/2021,20/10/2021,21/10/2021,22/10/2021,23/10/2021,24/10/2021,25/10/2021,26/10/2021,27/10/2021,28/10/2021,29/10/2021,30/10/2021,31/10/2021,1/11/2021,2/11/2021,3/11/2021,4/11/2021,5/11/2021,6/11/2021,7/11/2021,8/11/2021,9/11/2021,10/11/2021,11/11/2021,12/11/2021,13/11/2021,14/11/2021,15/11/2021,16/11/2021,17/11/2021,18/11/2021,19/11/2021,20/11/2021,21/11/2021,22/11/2021,23/11/2021,24/11/2021,25/11/2021,26/11/2021,27/11/2021
An Giang,0,0,0,0,0,0,0,0,0,0,0,0,0,0,0,0,0,0,0,0,0,0,0,0,0,0,0,0,0,0,0,0,0,0,0,0,0,0,0,0,0,0,0,0,0,0,0,0,0,0,0,0,0,0,0,0,0,0,0,0,0,0,0,0,4,5,6,1,6,12,11,0,11,5,10,7,11,4,2,8,1,8,3,8,8,0,15,2,7,2,25,43,24,10,16,2,21,17,26,24,21,47,26,15,37,53,39,16,61,33,34,87,33,105,70,111,71,69,75,42,50,131,91,20,103,90,17,70,51,62,73,87,87,46,28,19,107,62,44,111,59,126,106,143,287,100,121,186,109,90,117,81,131,232,63,172,116,139,147,222,172,180,186,182,308,128,142,111,121,104,170,130,117,109,134,194,174,220,224,297,232,290,221,286,320,231,342,215,314,312,381,411,490,427,531,557,450,595,661,547,695,660,482,527,510,365,329,242,243,320,181,248,387,324
Ba Ria - Vung Tau,0,0,0,0,0,0,0,0,0,0,0,0,0,0,0,0,0,0,0,0,0,0,0,0,0,0,0,0,0,0,0,0,0,0,0,0,0,0,0,0,0,0,0,0,0,0,0,0,0,0,0,0,0,0,0,0,0,0,0,0,0,0,0,1,6,0,0,4,2,4,0,2,0,4,12,3,0,27,19,17,0,23,41,28,26,18,63,58,71,126,0,52,56,185,133,115,184,132,81,0,112,0,288,0,242,109,181,0,69,77,16,0,79,0,0,57,57,107,154,64,75,44,59,35,55,33,64,29,57,39,51,22,31,42,16,11,32,46,16,14,18,29,12,10,84,7,13,8,3,13,4,5,4,3,2,6,13,3,13,25,47,17,19,19,14,6,16,7,18,11,12,11,10,8,5,13,18,12,38,16,27,33,17,19,0,25,64,109,67,82,98,74,96,150,149,154,191,185,177,224,204,178,300,428,423,444,370,541,399,709,586,658,653,697
Bac Giang,0,0,0,0,0,0,0,0,0,0,0,1,31,15,17,17,10,16,109,98,97,96,98,63,99,84,68,105,375,121,128,176,170,124,134,124,157,145,141,149,121,122,98,196,91,95,125,129,121,235,279,327,76,227,96,51,31,11,28,22,16,65,33,27,13,5,2,0,3,7,5,5,9,10,4,13,7,2,3,1,2,1,2,0,1,0,0,20,0,0,0,0,0,0,0,0,0,0,2,0,2,0,0,0,1,2,0,0,0,0,1,0,0,0,7,18,2,6,9,3,0,2,2,1,0,0,0,0,3,1,1,1,1,0,0,0,0,0,0,0,0,0,0,0,0,0,0,0,0,0,0,0,4,1,0,0,2,6,1,1,2,0,1,0,0,0,1,1,0,0,1,0,0,0,0,0,2,3,2,3,1,2,14,3,12,5,20,9,17,32,68,43,44,70,56,31,36,26,42,38,41,38,60,79,49,22,44,68,16,24,20,20,16,9
Bac Kan,0,0,0,0,0,0,0,0,0,0,0,0,0,0,0,0,0,0,0,0,0,0,0,0,0,0,0,0,0,0,0,0,0,0,0,0,0,0,0,0,0,0,0,0,0,0,0,0,1,0,1,0,0,0,0,0,0,1,0,0,0,1,0,0,1,0,0,0,0,0,0,0,0,0,0,0,0,0,0,0,0,0,0,0,0,0,0,0,0,0,0,0,0,0,0,0,0,0,0,0,0,0,0,0,0,0,0,0,0,0,0,0,0,0,0,0,0,0,0,0,0,0,0,0,0,0,0,0,0,0,0,0,0,0,0,0,0,0,0,0,0,0,0,0,0,0,0,0,0,0,0,0,0,0,0,0,0,0,0,0,0,0,0,0,0,0,0,0,0,0,0,0,0,0,0,0,0,0,0,1,0,0,0,0,0,0,0,0,0,1,0,1,0,0,0,0,1,0,0,0,0,1,0,0,0,1,0,0,0,0,1,0,0,4
Bac Lieu,0,0,0,0,0,0,0,0,0,0,0,0,0,0,0,0,0,0,0,0,0,0,0,0,0,0,0,0,0,0,0,0,1,0,0,0,0,0,0,0,0,0,0,0,0,0,0,0,0,0,0,0,0,0,0,0,0,0,0,0,0,0,0,0,0,0,0,3,0,0,0,0,2,2,1,1,2,0,0,0,0,0,0,0,4,0,0,0,2,3,2,1,0,4,0,1,1,0,6,5,7,2,6,2,1,4,2,3,5,3,0,2,3,1,2,4,0,0,5,7,7,4,3,13,12,3,5,4,8,2,2,9,2,18,12,26,4,8,6,34,13,7,14,8,3,8,4,8,7,1,4,5,0,1,22,3,13,3,4,9,39,32,22,10,14,38,14,51,45,6,40,31,12,48,41,99,102,83,130,155,156,106,242,0,398,404,415,382,316,290,0,468,265,298,229,232,234,291,252,188,273,298,328,323,314,425,345,356,388,474,418,617,566,574
Bac Ninh,0,0,0,0,0,0,0,0,0,12,0,31,15,27,34,5,7,46,17,47,49,16,47,24,14,28,48,38,28,91,52,33,52,43,38,34,31,44,47,55,40,29,25,35,45,28,34,54,17,55,27,12,16,36,19,13,10,4,7,6,5,6,16,5,8,3,2,2,3,4,3,6,8,15,2,10,4,2,3,3,7,4,4,4,4,4,7,4,0,6,0,0,0,0,1,0,0,0,0,2,2,0,0,0,0,0,0,0,0,1,21,11,20,7,4,10,3,11,2,3,3,1,2,2,0,2,1,3,3,1,5,7,4,5,2,0,2,0,0,0,1,1,0,0,1,1,0,0,0,0,0,0,0,0,0,0,0,0,0,2,0,0,1,0,0,2,4,7,5,4,0,4,1,4,5,13,6,5,5,8,5,1,4,12,7,22,33,50,115,48,51,46,53,51,68,46,23,68,49,35,32,70,81,107,78,75,98,116,181,99,241,122,153,137
Ben Tre,0,0,0,0,0,0,0,0,0,0,0,0,0,0,0,0,0,0,0,0,0,0,0,0,0,0,0,0,0,0,0,0,0,0,0,0,0,0,0,0,0,0,0,0,0,0,0,0,0,0,0,0,0,0,0,0,0,0,0,0,0,0,0,0,0,0,0,0,1,0,0,0,1,0,2,7,0,11,46,30,15,34,17,30,34,35,65,20,61,45,37,60,84,0,97,0,82,0,98,24,36,52,49,20,0,0,107,34,0,40,60,0,10,72,0,59,42,0,65,12,0,55,31,25,22,11,13,17,8,5,5,4,2,6,12,6,1,3,5,13,9,7,1,1,6,1,1,3,0,3,13,0,2,2,3,3,3,0,5,12,16,21,10,14,7,12,40,9,11,12,12,4,7,9,12,18,7,14,10,15,23,19,14,39,34,46,54,37,47,52,0,90,84,64,69,50,87,64,84,99,98,90,185,180,184,162,131,220,312,236,300,401,501,265
Binh Dinh,0,0,0,0,0,0,0,0,0,0,0,0,0,0,0,0,0,0,0,0,0,0,0,0,0,0,0,0,0,0,0,0,0,0,0,0,0,0,0,0,0,0,0,0,0,0,0,0,0,0,0,0,0,0,0,0,0,0,0,0,0,0,0,0,4,0,0,5,4,3,0,0,1,,2,0,0,0,1,1,0,2,6,2,3,8,4,6,12,6,27,8,2,11,17,28,16,21,18,23,35,19,17,14,45,0,10,20,12,23,22,3,12,15,24,14,0,20,19,5,18,15,29,11,13,20,8,15,20,17,13,9,11,27,29,15,19,16,5,34,31,22,9,45,30,23,22,43,9,18,39,14,21,5,11,7,13,5,8,14,18,18,2,18,5,7,21,12,13,8,9,8,8,15,10,16,36,11,12,11,20,23,3,5,17,16,15,9,40,50,35,18,11,46,50,65,39,63,57,126,30,55,48,87,82,60,61,123,116,111,133,159,132,197
Binh Duong,0,0,0,0,0,0,0,0,0,0,0,0,0,0,0,0,0,0,0,0,0,0,0,0,0,0,0,0,0,0,0,0,0,0,3,0,0,0,0,2,2,1,0,0,0,0,0,1,4,12,0,7,12,30,13,21,33,23,27,30,5,36,40,24,81,90,13,38,87,131,92,60,135,73,140,234,128,186,73,122,166,124,345,503,578,964,679,608,785,1249,733,166,631,1144,1920,2075,2179,949,1606,2143,822,1169,882,3210,2887,1325,1897,3028,2816,2029,2358,2522,3332,2513,3255,4223,6623,3795,3183,3628,4129,4868,8695,4049,5414,6050,4530,3440,4504,3676,3540,2194,3966,3172,4531,3563,3971,3188,3651,2178,3228,2998,4013,2877,2332,1410,3609,4179,2764,2978,3629,3332,3793,2575,2389,2103,1787,1517,1283,1210,1107,852,840,828,820,782,446,447,501,483,533,385,537,439,500,492,483,471,517,524,517,528,521,618,697,665,672,682,780,773,948,917,921,826,823,619,627,615,654,631,623,616,607,601,686,661,669,683,688,698,696,678,707,716
Binh Phuoc,0,0,0,0,0,0,0,0,0,0,0,0,0,0,0,0,0,0,0,0,0,0,0,0,0,0,0,0,0,0,0,0,0,0,0,0,0,0,0,0,0,0,0,0,0,0,0,0,0,0,0,0,0,0,0,0,0,0,0,0,0,0,0,0,0,1,1,1,0,4,0,0,3,1,8,2,8,1,1,13,13,10,7,6,6,12,5,4,0,26,0,0,3,35,12,14,20,8,5,6,8,5,2,5,5,0,19,6,7,5,4,6,3,0,8,11,8,0,13,20,7,13,17,13,18,15,22,0,70,8,22,28,48,61,20,58,31,33,42,54,27,30,21,10,15,5,11,26,8,2,147,27,1,15,0,16,11,2,12,0,17,5,2,13,9,16,6,9,3,10,11,0,12,9,3,13,14,5,22,12,10,23,19,0,20,23,49,72,13,70,52,107,0,114,79,108,131,108,99,198,184,187,199,217,189,183,256,155,277,509,145,342,271,139
Binh Thuan,0,0,0,0,0,0,0,0,0,0,0,0,0,0,0,0,0,0,0,0,0,0,0,0,0,0,0,0,0,0,0,0,0,0,0,0,0,0,0,0,0,0,0,0,0,0,0,0,0,0,0,0,0,0,0,0,0,0,0,5,2,0,6,1,0,0,0,0,0,0,0,0,1,0,0,2,0,2,9,17,9,5,37,19,14,7,26,47,31,78,48,45,32,63,17,75,32,46,72,161,75,66,61,46,34,63,68,31,28,36,39,33,55,20,43,29,43,47,36,56,106,48,87,49,78,46,59,53,34,75,47,48,46,26,44,34,31,16,38,5,19,29,18,21,7,28,15,9,7,24,9,9,32,48,29,38,61,47,73,48,149,60,32,58,122,109,45,72,55,61,0,116,38,28,16,50,78,74,81,51,57,40,97,116,68,79,130,167,164,136,194,298,205,279,267,279,287,237,287,265,369,342,439,489,333,370,407,493,370,493,470,402,496,562
Ca Mau,0,0,0,0,0,0,0,0,0,0,0,0,0,0,0,0,0,0,0,0,0,0,0,0,0,0,0,0,0,0,0,0,0,0,0,0,0,0,0,0,0,0,0,0,0,0,0,0,0,0,0,0,0,0,0,0,0,0,0,0,0,0,0,0,0,0,0,0,0,0,0,1,11,0,2,1,0,0,1,1,2,0,0,0,0,0,0,2,2,0,1,1,2,4,0,0,0,0,1,0,1,0,5,6,1,2,1,1,1,2,6,4,2,2,0,7,6,10,1,1,28,1,8,5,5,1,0,6,11,4,6,10,7,5,4,0,0,22,21,8,10,9,3,3,18,10,14,2,7,6,4,3,4,10,12,0,1,3,24,36,32,22,36,49,54,48,51,37,41,0,168,93,48,77,39,46,80,52,40,42,42,32,0,78,65,40,60,68,62,0,51,241,318,184,222,285,180,181,258,271,243,215,340,233,158,270,342,330,242,252,224,287,374,422
Can Tho,0,0,0,0,0,0,0,0,0,0,0,0,0,0,0,0,0,0,0,0,0,0,0,0,0,0,0,0,0,0,0,0,0,0,0,0,0,0,0,0,0,0,0,0,0,0,0,0,0,0,0,0,0,0,0,0,0,0,0,0,1,0,0,0,0,0,0,0,0,0,0,0,0,6,0,1,0,5,8,11,19,6,26,15,45,32,45,34,23,56,43,71,71,39,174,72,100,221,120,150,52,94,141,71,98,106,103,128,142,164,170,86,172,91,134,147,100,97,85,72,90,72,72,37,37,36,53,42,42,10,100,70,74,83,53,37,46,68,68,40,53,60,50,43,52,48,43,48,53,57,48,52,56,52,42,41,30,23,33,27,47,44,30,48,18,41,47,28,17,20,43,42,29,27,24,44,23,17,43,48,26,57,98,138,101,95,130,149,146,152,186,199,201,210,178,163,139,55,178,81,146,125,158,145,130,247,201,341,535,354,766,741,897,954
Cao Bang,0,0,0,0,0,0,0,0,0,0,0,0,0,0,0,0,0,0,0,0,0,0,0,0,0,0,0,0,0,0,0,0,0,0,0,0,0,0,0,0,0,0,0,0,0,0,0,0,0,0,0,0,0,0,0,0,0,0,0,0,0,0,0,0,0,0,0,0,0,0,0,0,0,0,0,0,0,0,0,0,0,0,0,0,0,0,0,0,0,0,0,0,0,0,0,0,0,0,0,0,0,0,0,0,0,0,0,0,0,0,0,0,0,0,0,0,0,0,0,0,0,0,0,0,0,0,0,0,0,0,0,0,0,0,0,0,0,0,0,0,0,0,0,0,0,0,0,0,0,0,0,0,0,0,0,0,0,0,0,0,0,0,0,0,0,0,0,0,0,0,0,0,0,0,0,0,0,0,0,0,0,0,0,0,0,0,0,0,0,0,0,1,0,1,0,0,2,0,0,4,3,1,4,16,19,4,10,9,3,7,11,8,7,10
Da Nang,0,0,0,0,0,0,0,2,0,3,5,8,17,18,0,27,32,3,8,12,7,2,2,1,2,1,1,1,2,0,1,0,0,1,1,0,1,0,0,0,0,0,0,0,0,0,0,0,0,0,0,0,0,6,27,4,4,6,20,5,7,2,1,0,2,3,3,0,1,0,0,0,0,1,0,6,14,4,15,33,39,33,46,0,61,0,27,47,36,16,61,26,50,54,65,55,0,76,66,93,92,138,0,130,60,74,56,78,58,87,83,96,124,134,164,167,197,183,152,153,162,144,202,109,106,54,123,55,42,81,64,63,34,30,35,30,19,12,13,11,9,2,8,0,2,3,15,10,3,4,11,8,1,2,1,2,2,1,1,1,2,1,1,0,0,2,0,4,0,1,0,0,0,0,2,8,0,0,2,9,1,2,3,4,2,2,4,0,7,4,13,14,21,18,21,32,26,13,34,26,18,13,34,37,26,26,44,37,32,65,60,66,92,66
Dak Lak,0,0,0,0,0,0,0,0,0,0,0,0,1,1,0,0,0,0,1,0,0,0,0,0,0,0,0,0,0,0,0,0,0,0,1,0,0,0,0,0,0,0,0,0,0,0,0,0,0,0,0,0,0,0,0,0,0,0,0,0,0,0,1,0,0,0,0,1,0,0,0,1,0,0,0,0,0,0,0,1,1,0,1,0,10,17,6,4,27,14,29,12,13,44,8,32,15,14,29,15,32,17,0,41,3,55,0,30,7,26,0,11,24,5,0,56,32,12,128,21,40,10,63,60,52,24,17,20,34,0,0,79,0,24,61,26,18,12,28,10,0,26,0,91,0,113,10,0,25,33,9,49,0,14,15,64,0,59,17,0,8,58,36,0,85,0,119,0,113,44,0,84,22,46,0,77,0,266,0,193,33,162,254,80,90,146,157,164,80,98,210,135,73,151,133,197,181,162,0,126,228,0,88,188,118,0,205,0,166,75,152,93,181,0
Dak Nong,0,0,0,0,0,0,0,0,0,0,0,0,0,0,0,0,0,0,0,0,0,0,0,0,0,0,0,0,0,0,0,0,0,0,0,0,0,0,0,0,0,0,0,0,0,0,0,0,0,0,0,0,0,0,0,0,0,0,0,0,0,0,0,0,0,0,0,0,0,0,0,0,0,1,0,1,1,0,0,1,1,5,1,1,1,4,2,8,4,4,6,5,1,4,4,12,2,12,16,5,7,4,7,7,14,17,0,6,16,0,13,0,0,13,0,0,0,39,7,0,5,8,0,8,2,5,4,3,4,9,1,3,51,28,19,17,5,17,20,26,26,8,0,70,11,27,10,20,33,4,6,3,3,5,3,10,3,7,6,8,3,7,14,15,4,11,9,5,9,12,8,10,6,4,5,4,11,3,1,5,13,7,6,6,6,7,0,0,11,10,17,76,0,44,60,0,36,60,60,39,52,51,44,32,41,37,86,32,59,56,94,69,92,85
Dien Bien,0,0,0,0,0,0,0,0,0,0,1,0,0,1,0,0,0,1,2,12,7,7,7,4,7,3,0,2,1,1,1,0,1,0,0,0,0,0,0,0,0,0,0,0,0,0,0,0,0,0,0,0,0,0,0,0,0,0,0,0,0,0,0,0,0,0,0,0,0,0,0,0,0,0,0,0,0,0,0,0,0,0,0,0,0,0,0,0,0,0,0,0,0,0,0,0,0,0,2,0,0,0,0,0,0,0,0,0,0,0,0,0,0,1,0,0,0,0,0,0,0,0,0,0,0,0,0,0,0,0,0,0,0,0,0,0,0,0,0,0,0,0,0,0,0,0,0,0,0,0,0,0,0,0,0,0,0,0,0,0,0,0,0,0,0,0,0,0,0,0,0,1,2,0,1,1,0,0,0,0,0,0,0,0,0,0,0,0,1,25,24,13,23,14,4,6,6,15,2,20,20,11,8,3,59,17,23,17,28,4,7,17,4,9
Dong Nai,0,0,0,0,0,0,0,0,0,0,0,0,0,0,0,0,0,0,0,0,0,0,0,0,0,0,0,0,0,0,0,0,0,0,0,0,0,0,0,0,0,0,0,0,0,0,0,0,0,0,0,0,0,2,0,0,1,0,0,0,0,0,11,4,12,0,5,32,0,9,11,2,0,32,37,0,82,12,118,132,72,107,147,154,162,170,210,217,221,253,259,239,271,325,360,456,425,380,364,389,358,554,709,614,538,732,979,1071,808,1023,546,588,298,443,657,686,551,849,623,799,618,743,996,797,377,491,634,759,803,986,1243,871,945,814,880,823,960,974,768,777,808,567,345,939,953,869,590,930,760,803,996,746,616,787,899,626,735,509,824,701,653,534,589,612,575,662,499,501,486,647,586,397,517,393,371,305,390,417,605,429,458,481,499,745,697,679,688,657,858,905,939,953,1085,997,969,923,848,930,813,743,674,558,631,664,563,578,621,604,522,571,580,543,556,567
Dong Thap,0,0,0,0,0,0,0,0,0,0,0,0,0,0,0,0,0,0,0,0,0,0,0,0,0,0,0,0,0,0,0,0,0,0,0,1,0,0,0,0,0,0,0,0,0,0,0,0,0,0,0,0,0,0,0,0,0,0,0,2,8,0,1,22,5,1,3,12,6,165,99,5,108,32,58,50,40,31,133,99,158,180,101,53,66,109,117,129,75,90,135,303,244,157,157,146,86,77,141,156,114,141,60,92,77,101,191,132,152,118,271,158,170,31,185,156,109,142,100,162,93,116,122,143,93,37,138,75,102,82,78,95,71,62,41,58,34,49,59,32,45,33,35,30,6,19,27,18,19,40,6,10,14,7,1,9,13,6,35,33,67,47,45,51,81,39,55,87,87,49,78,97,38,61,65,24,34,33,32,41,19,17,49,26,60,67,83,89,91,97,97,166,198,289,351,379,274,352,383,459,382,383,392,489,515,509,515,508,507,597,625,609,601,604
Gia Lai,0,0,0,0,0,0,0,0,0,0,0,0,0,0,0,0,0,0,0,0,0,0,0,0,0,0,0,0,0,0,0,0,1,0,0,0,0,0,0,0,0,0,0,0,0,0,0,0,0,0,0,0,0,0,0,0,1,0,0,2,0,0,0,0,0,0,0,0,0,0,0,0,3,1,0,0,0,0,0,0,0,6,0,1,1,1,0,0,1,6,3,5,4,0,6,13,6,7,39,10,24,24,17,4,14,43,0,9,18,70,8,25,26,7,0,10,11,10,5,3,0,8,4,2,3,0,3,4,0,10,0,13,0,3,8,2,2,0,2,0,0,2,1,0,0,1,0,0,2,0,0,17,2,0,5,0,6,1,1,1,3,20,13,39,65,25,13,48,60,0,30,34,24,40,33,93,43,69,53,44,52,46,32,58,61,69,63,18,74,45,29,94,63,29,59,44,61,43,23,35,36,25,50,0,68,44,103,13,89,45,29,128,21,109
Ha Nam,0,0,5,2,3,2,2,0,0,0,1,0,1,0,0,1,1,0,1,6,5,4,0,0,0,0,0,0,5,0,0,1,3,0,0,2,0,0,0,1,0,2,0,0,0,0,0,0,0,0,1,0,0,0,0,0,0,0,0,0,0,0,0,0,0,0,0,0,0,0,2,0,0,0,1,0,0,0,0,0,0,5,2,0,0,0,0,0,2,1,0,0,0,0,0,3,0,2,0,0,0,0,0,1,0,0,0,0,0,0,0,1,0,0,0,1,0,0,1,1,0,1,4,0,0,0,0,0,0,0,0,0,0,0,0,0,0,0,0,0,0,0,0,0,0,3,12,20,14,15,66,49,35,11,36,45,50,42,39,36,28,25,24,22,24,22,21,18,18,15,15,10,22,20,21,19,10,21,5,6,14,11,12,21,13,20,22,23,21,11,21,13,18,13,9,6,6,2,11,5,21,19,7,18,12,13,23,24,24,22,24,18,10,2
Ha Giang,0,0,0,0,0,0,0,0,0,0,0,0,0,0,0,0,0,0,0,0,0,0,0,0,0,0,0,0,0,0,0,0,0,0,0,0,0,0,0,0,0,0,0,0,0,0,0,0,0,0,0,0,0,0,0,0,0,0,0,0,0,0,0,0,0,0,0,0,0,0,0,0,0,0,0,0,0,0,0,0,0,0,0,0,0,6,0,0,2,0,0,0,3,2,0,0,4,0,0,1,0,1,1,0,0,0,0,0,0,0,0,0,0,0,0,0,0,0,0,0,0,0,0,0,0,0,0,0,0,0,0,0,0,0,0,0,0,0,0,0,0,0,0,0,0,0,0,0,0,0,0,0,0,0,0,0,0,0,0,0,0,0,0,0,0,18,0,0,152,0,0,34,9,1,0,40,3,18,6,68,22,28,19,184,60,0,103,98,93,118,110,138,146,116,133,127,94,97,62,57,56,117,122,134,235,83,84,121,161,79,144,135,143,165
Ha Noi,0,0,0,3,0,0,0,1,15,28,24,23,17,32,5,14,8,27,16,8,5,20,11,6,3,10,7,21,24,16,7,4,9,20,28,2,8,6,4,2,2,2,3,6,4,6,0,2,4,1,0,0,0,1,0,0,1,0,0,0,2,0,0,0,0,0,0,0,0,0,12,3,5,2,7,7,29,8,5,18,6,15,42,44,46,42,50,70,9,15,81,23,74,59,144,46,81,159,98,24,69,116,10,114,78,61,40,78,97,40,39,50,61,46,53,72,76,11,40,66,96,50,77,61,133,110,77,51,48,58,53,42,36,40,35,29,35,20,41,21,14,15,15,19,20,9,12,7,5,5,4,2,1,6,4,1,8,14,4,8,3,9,3,5,1,1,1,4,29,1,1,23,10,6,11,10,9,8,7,14,18,18,26,31,37,56,46,57,56,76,100,91,116,72,111,268,80,154,176,152,88,239,158,218,202,287,234,216,260,260,274,264,253,310
Ha Tinh,0,0,0,0,0,0,0,0,0,0,0,0,0,0,0,0,0,0,0,0,0,0,0,0,0,0,0,0,0,0,0,0,0,0,0,0,0,0,0,2,5,2,1,3,5,8,5,9,22,3,4,4,3,3,1,2,2,0,0,0,7,0,7,12,0,5,1,0,2,2,0,1,0,0,1,2,0,0,1,0,0,0,0,0,0,0,1,2,0,0,0,1,2,4,7,4,3,10,7,14,6,13,6,8,15,15,9,8,15,0,14,17,19,8,7,15,3,20,4,10,15,9,6,6,2,4,2,1,0,5,1,0,0,1,0,0,1,0,0,0,0,0,0,0,1,0,0,0,0,0,0,0,0,0,0,1,3,0,3,0,2,1,4,7,6,1,4,4,4,2,4,1,4,0,4,1,3,4,1,0,3,0,1,0,1,4,0,3,2,1,4,13,16,21,17,3,44,9,18,24,1,24,7,14,31,0,12,31,30,32,22,26,19,8
Hai Duong,0,0,0,0,0,0,0,0,1,1,1,1,0,1,2,0,0,0,0,2,0,3,3,6,3,7,3,5,0,4,1,1,2,1,0,0,1,1,0,0,0,0,0,0,1,0,0,0,0,0,0,0,0,0,0,0,0,0,0,0,0,0,0,0,0,0,0,0,0,0,0,0,0,0,0,0,0,0,0,0,0,0,0,0,0,0,0,0,0,0,0,0,6,10,1,3,7,0,3,4,21,5,11,3,12,8,4,1,4,3,5,1,0,0,2,0,1,0,0,0,0,0,1,0,0,0,0,0,0,0,0,0,0,0,0,0,0,0,0,0,0,0,0,0,0,0,0,0,1,0,0,0,0,0,1,0,0,1,0,1,1,0,0,3,0,2,2,2,0,0,1,1,4,0,3,2,1,0,0,2,1,1,0,0,2,0,2,0,4,11,5,4,10,13,11,4,18,26,30,21,0,45,29,81,16,20,11,35,17,19,24,5,8,39
Hai Phong,0,0,0,0,0,0,0,0,0,0,0,1,0,0,0,0,0,0,0,0,0,1,0,0,0,0,0,0,0,0,0,0,0,1,0,0,0,0,0,0,0,0,0,0,0,0,0,0,0,0,0,0,0,0,0,0,0,0,1,3,2,0,1,2,1,0,1,0,2,0,0,0,0,0,0,1,0,0,0,0,0,3,1,1,0,0,3,0,0,0,0,0,0,0,0,1,0,0,0,0,0,0,0,0,0,0,0,0,0,0,0,0,0,0,0,0,0,0,0,1,0,0,0,0,0,0,0,0,0,0,0,0,0,0,0,0,0,0,0,0,0,0,0,0,0,0,0,0,0,0,0,0,0,0,0,0,0,0,0,0,0,0,0,0,0,0,0,2,0,1,0,0,0,0,0,0,2,0,2,0,0,0,1,0,2,3,2,0,4,6,2,3,10,1,16,4,1,0,16,11,0,5,0,7,5,1,14,2,5,2,36,2,4,22
Hau Giang,0,0,0,0,0,0,0,0,0,0,0,0,0,0,0,0,0,0,0,0,0,0,0,0,0,0,0,0,0,0,0,0,0,0,0,0,0,0,0,0,0,0,0,0,0,0,0,0,0,0,0,0,0,0,0,0,0,0,0,0,0,0,0,0,0,0,0,0,0,0,0,0,1,4,0,9,8,0,0,0,7,0,0,2,10,9,12,4,9,10,7,10,6,13,28,19,41,11,16,10,0,12,9,14,18,19,0,14,3,0,10,6,0,16,6,0,12,7,0,9,4,0,15,11,11,4,11,5,2,1,0,0,2,1,0,0,0,0,0,0,0,10,11,0,11,10,6,2,0,4,0,6,0,11,0,0,0,5,20,0,48,0,30,39,27,30,32,31,31,36,34,38,27,28,14,23,18,17,25,0,48,27,42,39,42,42,38,47,46,40,45,49,0,56,54,58,63,68,101,67,69,87,96,94,122,123,188,193,194,195,198,239,238,287
Hoa Binh,0,0,0,0,0,0,0,0,0,0,0,0,0,0,0,0,0,0,0,0,0,0,0,0,0,0,0,0,0,0,0,0,0,0,0,0,0,0,0,0,0,0,0,0,0,0,0,0,0,0,0,0,2,2,0,0,0,0,0,0,0,0,1,0,0,0,0,0,0,0,0,0,0,0,0,0,0,0,0,0,0,0,0,0,0,0,0,1,0,0,1,0,0,0,2,0,0,0,0,0,0,0,0,0,0,0,0,0,0,0,0,0,0,0,0,0,0,0,,0,,0,0,0,0,0,0,0,0,0,0,0,0,0,0,0,0,0,0,0,0,0,0,0,0,0,0,0,0,0,0,0,0,0,0,0,0,0,0,0,0,0,0,0,0,0,0,0,0,0,0,0,0,0,0,0,2,0,0,0,0,0,0,0,0,0,0,1,0,1,0,0,1,2,0,3,1,1,2,0,0,1,2,6,2,4,3,4,11,35,63,64,4,60
Hung Yen,0,0,0,2,0,0,0,0,0,2,4,3,2,6,0,1,4,1,1,1,2,1,0,0,2,4,0,0,0,0,0,1,0,0,0,0,0,0,0,0,0,0,0,0,0,0,0,0,0,0,0,0,0,0,0,2,2,4,2,3,11,15,2,15,9,11,3,10,0,9,6,5,2,8,7,3,7,8,0,22,15,13,13,4,3,3,2,0,4,0,1,0,0,0,0,0,1,1,1,3,1,0,1,1,0,0,0,1,1,0,1,0,0,0,0,1,0,0,0,0,0,1,0,0,0,2,0,0,0,0,0,0,1,1,4,1,3,1,0,1,3,1,0,0,1,0,0,0,0,0,0,0,0,0,0,0,1,1,0,0,0,0,0,0,0,0,0,0,0,0,2,1,0,0,0,0,0,4,0,0,0,8,0,2,1,2,0,0,2,1,26,22,16,11,18,17,23,14,18,7,0,22,9,12,10,8,4,9,16,16,8,13,47,22
Khanh Hoa,0,0,0,0,0,0,0,0,0,0,0,0,0,0,0,0,0,0,0,0,0,0,0,0,0,0,0,0,0,0,0,0,0,0,0,0,0,0,0,0,0,0,0,0,0,0,0,0,0,0,0,0,0,0,0,0,0,0,1,1,0,0,0,0,0,0,1,1,9,18,0,41,28,29,28,0,58,0,44,22,57,100,60,34,53,38,5,51,104,172,12,26,147,18,217,335,298,286,189,150,96,269,167,201,33,0,102,172,243,164,166,262,139,86,151,147,76,160,242,203,150,131,131,92,92,126,66,112,58,61,74,97,61,48,77,34,46,46,44,44,33,37,35,28,37,19,18,21,20,19,25,38,26,35,32,30,15,36,50,53,39,47,51,55,41,40,26,38,39,35,28,42,40,31,38,39,40,43,39,43,44,45,44,30,30,26,21,21,26,27,34,44,50,60,80,99,122,128,170,209,209,111,150,144,135,154,158,170,168,172,183,191,216,239
Kien Giang,0,0,0,0,0,0,0,0,0,0,0,0,0,0,0,0,0,0,0,0,0,0,0,0,0,0,0,0,0,0,0,0,0,0,0,0,0,0,0,0,0,0,0,0,0,0,0,0,0,0,0,0,0,0,0,0,0,2,0,0,0,0,0,0,0,0,0,0,0,0,0,0,1,0,1,0,0,3,11,0,8,0,19,8,20,12,11,13,14,25,0,13,0,21,17,16,24,18,16,0,12,17,17,18,20,29,12,23,8,32,19,32,31,169,17,14,43,15,57,61,23,112,28,77,29,73,99,106,122,104,345,201,242,43,135,86,165,117,77,157,183,198,180,168,151,175,134,137,163,203,91,99,73,70,82,79,81,77,75,69,77,79,83,89,113,94,91,76,76,80,82,93,93,99,92,87,92,80,97,83,99,118,150,160,249,298,295,469,421,374,478,477,475,398,363,291,327,399,403,181,274,329,324,396,304,307,246,361,221,350,369,397,418,427
Kon Tum,0,0,0,0,0,0,0,0,0,0,0,0,0,0,0,0,0,0,0,0,0,0,0,0,0,0,0,0,0,0,0,0,0,0,0,0,0,0,0,0,0,0,0,0,0,0,0,0,0,0,0,0,0,0,0,0,0,0,0,0,0,0,0,0,0,0,0,0,0,0,0,0,0,0,0,0,0,0,0,0,0,0,0,0,2,0,1,1,0,0,0,2,0,0,0,1,7,0,4,0,0,0,0,0,0,0,0,1,0,0,0,0,0,0,0,0,0,0,0,0,0,0,0,0,0,2,2,0,0,0,0,1,1,0,0,0,0,0,0,0,0,0,0,0,0,0,0,2,0,0,0,0,5,0,0,2,0,0,1,0,2,4,9,6,3,1,10,4,4,1,4,30,5,20,0,12,6,22,11,10,4,2,6,6,12,7,0,29,10,9,0,7,3,13,4,4,11,4,2,2,0,4,3,7,2,0,0,0,11,6,5,0,6,2
Lai Chau,0,0,0,0,0,0,0,0,0,0,0,0,0,0,0,0,0,0,0,0,0,0,0,0,0,0,0,0,0,0,0,0,0,0,0,0,0,0,0,0,0,0,0,0,0,0,0,0,0,0,0,0,0,0,0,0,0,0,0,0,0,0,0,0,0,0,0,0,0,0,0,0,0,0,0,0,0,0,0,0,0,0,0,0,0,0,0,0,0,0,0,0,0,0,0,0,0,0,0,0,0,0,0,0,0,0,0,0,0,0,0,0,0,0,0,0,0,0,0,0,0,0,0,0,0,0,0,0,0,0,0,0,0,0,0,0,0,0,0,0,0,0,0,0,0,0,0,0,0,0,0,0,0,0,0,0,0,0,0,0,0,0,0,0,0,2,0,1,1,0,2,0,0,0,1,0,0,0,0,2,1,2,0,0,0,3,0,0,0,0,0,6,7,0,2,2,2,0,0,0,0,0,0,0,0,0,0,0,0,0,1,0,0,0
Lam Dong,0,0,0,0,0,0,0,0,0,0,0,0,0,0,0,0,0,0,0,0,0,0,0,0,0,0,0,0,0,0,0,0,0,0,0,0,0,0,0,0,0,0,0,0,0,0,0,0,0,0,0,0,0,0,0,0,0,0,0,0,0,0,0,0,0,0,1,4,0,1,0,0,3,1,0,2,0,0,1,1,2,1,1,0,3,5,0,2,2,1,9,1,0,2,1,3,4,2,0,1,1,4,12,21,30,18,0,22,2,14,11,8,3,6,0,4,10,0,1,5,0,1,0,4,6,3,4,0,0,0,5,4,1,0,0,5,0,2,0,1,1,1,3,1,0,1,3,3,0,0,0,2,0,0,0,5,0,1,2,0,2,0,0,29,5,0,26,7,8,28,8,11,4,0,34,0,8,13,0,8,3,6,0,20,2,7,0,25,20,18,0,30,27,20,29,20,0,54,54,61,0,68,84,0,95,80,106,85,134,65,24,235,112,159
Lang Son,0,0,0,0,0,0,0,0,0,1,0,0,2,1,1,1,0,6,4,0,2,0,3,2,1,2,0,11,7,0,1,10,7,0,3,12,0,3,0,1,0,7,5,1,1,0,1,2,0,2,0,2,0,2,0,0,0,0,0,1,0,0,2,2,0,0,0,0,0,1,2,0,0,0,0,0,0,0,1,0,1,1,0,0,1,2,0,0,0,0,0,2,0,6,2,0,0,3,0,1,2,2,0,2,0,0,1,0,4,2,0,4,3,1,1,7,7,5,0,7,0,6,0,3,0,0,5,4,6,0,3,0,3,1,0,0,0,0,0,0,0,0,0,0,0,0,0,0,0,0,0,0,0,0,0,0,0,0,0,0,0,1,0,0,0,0,1,0,0,0,1,0,1,0,0,0,1,0,0,0,2,1,0,1,0,0,1,0,0,5,0,3,11,0,0,0,9,20,6,0,9,9,9,0,6,6,7,8,0,10,0,13,44,28
Lao Cai,0,0,0,0,0,0,0,0,0,0,0,0,0,0,0,0,0,0,0,0,0,0,0,0,0,0,0,0,0,0,0,0,0,0,0,0,0,0,0,0,0,0,0,0,0,0,0,0,0,0,0,0,1,1,0,0,0,2,0,0,0,0,0,0,0,0,0,0,0,0,0,0,0,0,0,0,0,1,1,0,1,0,0,2,0,0,1,0,0,0,0,0,0,0,0,0,0,0,8,2,5,11,4,3,1,12,0,1,0,2,18,2,4,4,0,1,0,6,0,0,0,0,0,0,2,0,0,0,0,0,0,0,0,0,0,0,0,0,0,0,1,0,0,1,0,0,0,0,0,0,0,0,0,0,0,0,0,0,0,0,0,0,0,3,2,0,0,1,0,7,1,0,3,0,1,3,0,3,5,0,1,0,1,2,0,0,0,4,1,2,4,1,0,0,0,0,0,0,0,2,0,0,2,1,5,0,6,0,4,4,1,2,2,1
Long An,0,0,0,0,0,0,0,0,0,0,0,0,0,0,0,0,0,0,0,0,0,0,0,0,0,0,0,0,0,0,0,1,1,1,2,3,0,2,0,0,0,0,0,0,1,0,0,0,0,0,0,0,0,6,0,0,1,5,2,22,7,7,6,12,1,28,7,2,72,15,14,19,0,77,33,46,0,130,0,41,0,134,89,37,46,60,432,602,1892,0,0,75,0,499,469,544,569,445,566,427,715,859,367,724,287,890,963,354,623,653,514,599,581,428,545,495,393,365,388,393,460,449,454,451,533,524,587,594,583,564,756,857,490,372,412,321,337,285,327,379,424,281,273,236,249,268,254,191,190,194,193,171,190,159,132,125,107,107,85,90,84,74,84,66,61,77,76,70,59,59,47,70,54,68,51,72,70,72,68,88,74,66,81,93,91,106,109,100,116,119,178,140,142,119,136,93,132,130,110,79,95,136,100,153,82,112,112,93,85,145,90,110,75,109
Nam Dinh,0,0,0,0,0,0,0,0,0,0,1,1,0,0,0,1,0,2,1,0,0,0,0,0,0,0,0,0,0,0,0,0,0,0,0,0,0,0,0,0,0,0,0,0,0,0,0,0,0,0,0,0,0,1,0,0,0,0,0,0,0,0,0,0,0,0,0,0,0,0,0,0,0,0,0,0,2,1,0,0,0,0,0,0,0,0,0,0,0,0,0,0,0,0,1,0,0,0,0,1,0,0,0,0,0,1,3,2,1,8,0,6,0,0,4,0,1,0,0,0,0,0,0,0,0,0,0,10,2,2,0,0,0,0,0,0,0,0,0,0,0,0,0,0,0,0,0,0,0,0,0,0,0,0,0,0,3,2,0,3,4,2,4,1,1,0,1,0,4,0,0,5,0,22,3,3,12,17,3,11,21,26,28,38,14,24,6,10,7,9,3,37,29,46,67,20,29,59,27,31,36,10,73,51,47,53,68,68,52,40,56,42,38,29
Nghe An,0,0,0,0,0,0,0,0,0,0,1,0,0,0,0,0,0,0,0,0,0,0,0,0,0,0,0,0,0,0,0,0,0,0,0,0,0,0,0,0,0,0,0,0,0,0,0,0,1,0,3,1,0,16,5,5,2,7,5,6,11,4,11,14,8,3,3,14,3,1,3,2,1,1,0,0,1,1,4,0,16,0,5,0,8,5,0,11,2,4,2,0,0,7,0,13,3,21,12,6,0,21,0,0,12,128,16,14,14,12,27,24,16,59,45,61,60,68,111,28,95,43,57,70,50,68,81,57,66,37,48,12,18,42,8,16,6,2,9,2,2,4,9,4,0,0,3,1,0,1,4,3,3,0,0,13,1,10,11,10,16,5,1,17,0,0,27,0,12,7,25,25,14,25,6,33,29,57,23,27,15,59,19,43,25,23,19,22,36,20,0,51,48,50,58,50,51,32,47,100,44,0,145,77,61,100,66,83,70,92,132,118,117,124
Ninh Binh,0,0,0,0,0,0,0,0,0,0,0,0,0,0,0,0,0,0,0,0,0,0,0,2,0,0,2,0,0,0,0,0,0,0,0,0,0,0,0,0,0,0,0,0,0,0,0,0,0,0,0,0,0,0,0,0,0,0,0,0,0,0,0,0,0,0,0,0,0,0,0,0,0,0,0,0,0,0,0,0,0,0,0,1,0,0,0,0,0,0,0,0,4,1,0,2,0,13,7,0,0,8,2,0,10,0,0,1,0,0,1,3,0,1,2,2,2,0,6,0,0,0,5,0,2,0,2,0,0,0,0,0,0,0,0,0,0,0,0,0,0,0,0,0,0,0,0,0,0,0,0,0,0,0,0,0,0,1,0,0,0,1,0,3,0,0,1,0,1,0,0,0,0,1,4,0,0,1,2,0,3,0,1,0,3,0,3,0,0,9,0,5,2,0,2,0,5,4,0,4,9,17,0,19,0,6,2,12,0,6,5,5,18,0
Ninh Thuan,0,0,0,0,0,0,0,0,0,0,0,0,0,0,0,0,0,0,0,0,0,0,0,0,0,0,0,0,0,0,0,0,0,0,0,0,0,0,0,0,0,0,0,0,0,0,0,0,0,0,0,0,0,0,0,0,0,0,0,0,0,0,0,0,0,0,0,0,1,0,0,0,0,0,1,4,0,0,4,17,3,1,4,4,22,22,0,37,8,7,7,13,25,3,11,5,3,19,29,29,32,25,22,85,0,61,19,24,7,22,22,27,11,8,7,4,4,5,4,4,6,5,6,6,6,7,6,6,2,0,1,3,1,2,1,3,5,2,5,5,8,12,13,14,15,9,11,15,9,16,13,12,9,16,14,15,15,16,12,12,18,14,11,6,12,12,9,8,7,6,9,8,9,6,6,5,5,7,7,11,12,11,14,22,0,69,58,62,89,95,78,55,49,48,52,49,50,35,47,39,37,39,35,34,45,39,51,38,59,57,47,32,31,46
Phu Tho,0,0,0,0,0,0,0,0,0,0,1,0,0,0,0,1,0,0,0,0,2,0,0,0,0,0,0,0,0,0,0,0,0,0,0,0,0,0,0,0,0,0,0,0,0,0,0,1,0,0,0,0,0,0,0,0,0,0,0,0,0,0,0,0,0,0,0,0,0,0,0,0,0,0,0,0,0,0,0,0,0,0,0,0,0,1,0,0,0,0,0,0,0,4,0,0,0,0,3,0,0,0,0,2,0,0,0,0,0,0,0,0,0,0,0,0,1,0,0,0,0,0,0,0,0,0,6,0,0,0,0,0,0,0,0,0,0,0,0,0,0,0,0,0,0,0,0,0,0,0,0,0,0,0,1,14,2,5,1,2,2,0,1,1,2,0,0,0,0,1,5,1,8,58,59,50,35,54,75,34,37,33,18,81,46,34,35,70,59,50,67,39,71,51,57,26,45,61,34,39,46,17,14,17,15,23,33,42,9,27,26,34,38,33
Phu Yen,0,0,0,0,0,0,0,0,0,0,0,0,0,0,0,0,0,0,0,0,0,0,0,0,0,0,0,0,0,0,0,0,0,0,0,0,0,0,0,0,0,0,0,0,0,0,0,0,0,0,0,0,0,0,0,0,0,0,8,2,10,8,10,20,27,26,40,37,32,40,41,14,24,28,33,36,30,26,32,48,44,31,55,41,39,26,21,30,17,109,46,60,64,52,40,58,49,25,60,61,55,43,78,42,84,37,66,46,64,40,27,62,71,65,44,27,45,38,43,24,27,24,21,16,21,14,23,23,6,19,24,34,25,19,15,13,17,14,7,2,14,9,10,8,13,15,10,14,6,9,10,7,11,3,2,4,6,2,5,5,1,1,1,7,0,5,1,5,3,2,2,1,3,6,3,1,4,0,8,3,2,2,1,10,3,10,3,5,0,10,5,3,1,13,7,10,16,16,8,17,16,24,11,13,25,11,20,8,32,51,33,24,30,36
Quang Binh,0,0,0,0,0,0,0,0,0,0,0,0,0,0,0,0,0,0,0,0,0,0,0,0,0,0,0,0,0,0,0,0,0,0,0,0,0,0,0,0,0,0,0,0,0,0,0,0,0,0,0,0,0,0,0,0,0,0,0,0,0,0,0,0,0,0,0,0,0,0,0,0,0,0,0,0,0,0,0,0,0,0,0,0,0,0,2,0,0,0,0,0,0,0,0,1,4,2,3,5,11,3,15,1,3,1,0,5,4,1,2,2,0,8,4,7,4,0,6,2,1,23,125,90,58,30,47,103,56,0,0,21,182,53,50,48,38,61,57,0,58,43,37,45,15,35,12,19,20,9,8,24,15,15,13,21,17,15,19,18,15,7,13,4,5,0,5,9,7,7,12,2,5,15,5,3,11,34,0,11,8,3,0,9,32,5,9,13,7,8,4,4,13,13,30,2,13,15,33,9,29,12,18,29,20,16,25,42,0,46,0,91,28,27
Quang Nam,0,0,0,0,0,0,0,0,1,0,0,1,1,0,0,0,0,0,0,0,0,0,0,0,0,0,0,0,0,0,0,0,0,0,0,0,0,0,0,0,0,0,0,0,0,0,0,0,0,0,0,0,0,0,1,0,0,0,0,0,0,0,0,0,0,0,0,0,0,0,0,0,0,0,0,1,0,0,0,0,0,0,0,11,3,0,5,2,3,11,8,3,11,10,13,10,11,19,12,10,9,11,10,6,11,8,4,2,4,0,26,11,11,53,24,17,32,16,8,11,9,8,5,13,3,10,3,3,4,3,1,2,10,2,10,16,14,12,7,14,9,6,1,3,13,3,2,0,5,0,0,2,3,2,0,0,1,0,0,0,1,8,4,3,0,3,0,3,29,17,11,71,19,45,12,24,10,9,13,17,12,28,92,129,38,19,18,14,11,90,42,23,27,8,14,39,19,27,45,27,43,41,61,70,73,62,40,143,80,95,97,92,95,59
Quang Ngai,0,0,0,0,0,0,0,0,0,1,0,0,0,0,0,0,0,0,0,0,0,0,0,0,0,0,0,0,0,0,0,0,0,0,0,0,0,0,0,0,0,0,0,0,0,0,0,0,0,0,0,0,0,0,0,0,0,0,0,0,6,15,20,21,10,9,10,16,8,4,0,13,14,7,14,2,7,2,4,4,4,3,4,17,2,6,1,26,4,4,4,3,1,1,6,1,5,3,23,15,10,5,7,14,18,11,14,16,10,35,34,4,5,9,16,9,3,3,0,1,2,7,9,15,14,30,40,18,19,24,25,31,37,19,6,45,32,30,13,9,15,14,52,23,24,16,9,6,4,7,2,3,3,5,2,10,6,12,3,17,15,7,13,13,15,12,38,11,19,10,7,29,28,19,11,17,10,10,12,12,8,8,21,9,7,8,7,14,9,29,11,26,18,41,14,39,57,41,38,35,39,31,32,36,51,41,42,47,45,65,50,39,80,56
Quang Ninh,0,0,0,0,0,0,0,0,0,0,0,0,0,0,0,0,0,0,0,0,0,0,0,0,0,0,0,0,0,0,0,0,0,0,0,0,0,0,0,0,0,0,0,0,0,0,0,0,0,0,0,0,0,0,0,0,0,0,0,2,0,0,2,0,0,0,0,0,0,0,0,0,0,0,0,0,0,0,0,0,0,0,0,0,0,0,0,0,0,0,0,0,0,0,0,0,0,0,0,0,0,0,0,0,0,0,0,0,0,0,0,0,0,0,0,0,0,0,0,0,0,0,0,0,0,0,0,0,0,0,1,0,0,0,0,0,0,0,1,0,0,0,0,0,0,0,0,0,0,0,0,0,2,2,0,0,0,2,0,0,0,0,0,0,0,0,0,0,0,0,0,0,0,0,0,0,0,3,1,0,5,0,1,1,6,1,0,0,3,4,4,16,43,21,10,7,0,24,23,13,37,23,15,79,31,49,13,17,36,44,22,19,25,15
Quang Tri,0,0,0,0,0,0,0,0,0,0,0,0,1,0,2,0,0,0,0,0,0,0,0,0,0,0,0,0,0,0,0,0,0,0,0,0,0,0,0,0,0,0,0,0,0,0,0,0,0,0,0,0,0,0,0,0,0,0,0,0,0,0,0,0,0,0,0,0,0,0,0,0,0,0,0,0,0,0,0,0,0,0,0,0,0,0,0,0,0,0,0,0,1,0,0,4,3,0,4,3,1,2,0,0,0,0,1,0,8,4,8,0,5,12,9,1,0,3,0,9,0,2,13,0,0,6,3,20,0,0,4,0,8,0,1,0,0,0,0,0,0,0,12,9,5,1,0,9,2,4,7,4,3,4,16,2,16,13,15,9,13,0,22,8,18,14,2,5,7,0,13,9,1,8,3,23,3,0,7,2,15,0,6,7,0,10,14,2,0,11,0,4,0,5,0,6,11,18,29,15,35,0,22,15,5,30,35,14,26,15,35,26,57,24
Soc Trang,0,0,0,0,0,0,0,0,0,0,0,0,0,0,0,0,0,0,0,0,0,0,0,0,0,0,0,0,0,0,0,0,0,0,0,0,0,0,0,0,0,0,0,0,0,0,0,0,0,0,0,0,0,0,0,0,0,0,0,0,0,0,0,0,0,0,0,0,0,1,0,0,0,2,7,3,5,0,13,4,0,6,4,19,0,6,8,0,0,9,0,22,12,0,0,0,53,0,33,49,20,0,0,94,0,64,0,20,0,0,82,75,44,0,0,0,0,138,0,42,4,9,8,16,0,19,0,20,13,0,0,13,0,13,9,0,11,0,11,0,0,7,6,0,0,5,0,0,0,0,42,0,0,0,112,0,0,0,0,118,0,0,0,0,192,0,0,0,0,0,414,142,64,174,200,100,109,148,0,296,87,0,98,128,151,190,180,194,165,193,198,193,203,238,0,572,298,0,298,296,299,305,343,364,343,376,391,399,398,395,425,486,493,449
Son La,0,0,0,0,0,0,0,0,0,0,0,0,0,0,0,0,0,0,0,0,0,1,0,0,0,0,0,0,0,0,0,0,0,0,0,0,0,0,0,0,0,0,0,0,0,0,0,0,0,0,0,0,0,0,0,0,0,0,0,0,0,0,0,0,0,0,0,0,0,0,0,0,0,0,0,0,0,0,0,0,0,0,0,0,0,0,2,0,0,0,0,0,0,0,0,10,0,6,3,2,0,0,20,2,1,2,19,0,0,17,0,2,0,2,26,2,0,15,21,9,4,10,3,0,11,2,6,12,0,0,2,2,7,2,0,3,16,0,0,0,0,0,0,0,0,0,0,1,0,0,0,0,0,0,0,0,0,0,0,0,0,1,0,3,0,1,3,0,3,0,9,4,0,0,2,2,5,1,0,0,0,4,0,0,1,0,0,0,2,8,0,2,0,1,11,2,0,4,5,1,0,0,1,0,8,0,11,0,2,3,0,9,0,4
Tay Ninh,0,0,0,0,0,0,0,0,0,0,0,0,0,0,0,0,0,0,0,0,0,0,0,0,0,0,0,0,0,0,0,0,1,0,0,0,0,0,0,0,0,0,0,0,0,0,0,0,0,0,0,0,0,0,0,0,0,0,2,0,5,0,0,0,0,0,2,0,2,3,0,0,1,0,4,0,3,5,4,0,33,0,42,0,0,30,0,212,132,313,0,144,120,139,88,72,102,0,298,194,235,102,134,0,290,102,263,79,61,97,159,52,88,104,102,122,83,83,17,105,119,42,132,0,234,56,118,85,62,267,91,134,164,52,161,248,137,93,142,75,48,58,114,66,53,32,59,48,86,53,41,37,80,55,23,39,50,20,54,20,35,41,84,92,57,59,55,112,51,274,64,101,156,18,104,52,185,147,90,132,163,120,202,190,180,203,110,157,131,272,240,305,267,393,354,241,435,656,517,593,332,579,683,376,632,599,495,410,564,600,754,683,655,672
Thai Binh,0,0,0,0,0,0,0,0,0,5,0,1,0,0,2,1,4,2,0,0,0,1,1,0,0,1,0,0,1,0,0,1,0,0,0,0,0,0,1,0,0,0,0,0,0,0,0,0,0,0,0,0,0,0,0,0,0,0,5,1,1,0,0,0,0,0,0,0,0,0,0,0,0,0,2,0,0,0,0,0,0,0,0,1,0,0,0,0,0,0,0,0,0,0,0,0,0,0,0,0,7,8,4,1,2,4,0,6,0,2,2,0,1,1,1,0,0,1,0,0,2,0,0,0,0,0,0,0,1,0,0,0,0,1,0,0,0,0,0,0,0,0,0,0,0,0,0,0,0,0,0,0,0,0,0,0,0,0,0,0,0,0,0,0,0,0,0,0,1,1,2,0,2,3,1,0,1,7,6,0,1,0,1,0,4,3,2,1,0,5,1,2,6,1,1,7,1,0,54,79,134,92,106,60,85,99,51,53,38,50,45,60,25,32
Thai Nguyen,0,0,0,0,0,0,0,0,0,0,0,0,0,0,0,0,0,0,0,0,0,0,0,1,0,1,0,0,0,1,0,0,0,0,0,0,0,0,0,0,0,0,0,0,0,0,0,0,0,0,0,0,0,0,0,0,0,0,0,0,0,0,0,0,0,0,0,0,0,0,0,0,0,0,0,0,0,0,0,0,0,0,0,0,0,0,0,0,0,0,0,1,5,0,3,0,1,0,0,0,0,0,0,0,0,0,0,0,0,0,0,1,1,0,0,0,0,0,0,0,0,0,0,0,0,0,0,0,0,0,0,0,0,0,0,0,0,0,0,0,0,0,0,0,0,0,0,0,0,0,0,0,0,0,0,0,0,0,0,0,0,0,0,0,0,0,0,0,0,0,0,1,0,0,0,0,1,0,0,0,0,0,0,1,0,0,0,4,8,1,14,5,1,3,16,0,2,5,2,2,4,1,2,3,1,4,4,2,4,2,8,10,22,54
Thanh Hoa,0,0,0,0,0,0,0,0,0,0,1,0,0,0,0,0,0,0,0,0,0,0,0,1,0,2,0,0,0,1,0,0,0,0,0,0,0,0,0,0,0,0,0,0,0,0,0,0,0,0,0,0,0,0,0,0,0,0,0,0,0,0,0,0,0,0,0,0,0,0,4,1,0,1,3,1,2,1,0,0,1,0,0,0,0,1,0,0,0,1,0,1,1,6,1,5,8,9,3,17,2,9,4,4,0,0,13,6,4,3,2,6,12,6,6,3,3,0,1,5,3,9,28,22,11,18,8,0,50,15,4,11,7,0,15,5,3,12,7,6,7,6,3,4,2,2,4,2,1,1,2,2,1,0,0,1,5,0,0,2,0,2,5,15,7,14,2,8,5,6,27,39,25,42,23,25,21,37,18,38,21,50,45,22,16,15,23,34,45,29,36,49,37,45,27,24,33,49,37,30,47,21,52,29,46,45,58,35,57,52,98,69,55,55
Thua Thien Hue,0,0,0,0,0,0,0,0,0,0,0,1,2,0,1,0,1,0,0,0,0,0,0,0,0,0,0,0,0,0,0,0,0,0,0,0,0,0,0,0,0,0,0,0,0,0,0,0,0,0,0,0,0,0,0,0,0,0,0,0,0,0,0,0,0,0,0,0,1,0,0,0,0,0,0,0,1,0,3,0,0,0,1,0,0,0,1,0,1,2,1,6,2,10,0,13,14,4,9,19,6,2,0,23,27,5,1,20,31,57,8,60,1,17,0,61,6,0,17,13,0,24,70,24,7,40,25,17,25,0,0,14,9,9,2,8,1,0,18,11,10,3,3,1,0,5,0,9,9,4,1,2,0,0,0,2,0,0,1,0,2,5,0,0,13,2,0,8,3,3,22,5,2,12,2,11,0,26,34,32,23,12,14,31,17,27,17,22,10,35,26,7,63,29,14,32,6,41,44,75,93,81,70,96,91,82,96,119,111,160,82,96,113,106
Tien Giang,0,0,0,0,0,0,0,0,0,0,0,0,0,0,0,0,0,0,0,0,0,0,0,0,0,0,0,0,0,0,0,0,0,0,0,0,0,0,0,1,0,0,0,0,2,0,10,0,14,0,0,13,0,3,0,2,5,0,9,8,0,0,0,22,0,38,0,12,29,11,0,18,0,34,75,46,118,0,115,0,146,0,31,0,133,65,68,95,220,218,201,63,30,0,242,123,0,79,0,0,169,253,165,0,251,100,177,212,0,461,209,152,411,282,478,367,589,709,459,93,319,354,312,241,155,221,214,194,290,154,133,234,183,171,115,156,147,628,161,102,93,81,118,197,102,211,105,89,67,112,81,63,58,38,68,49,71,36,13,52,59,72,56,74,44,64,67,20,74,72,70,121,46,94,79,65,82,61,156,78,111,121,127,139,75,223,222,163,202,207,263,163,229,233,392,207,396,417,634,356,274,500,671,526,622,382,243,143,77,112,60,123,123,121
Ho Chi Minh,0,0,1,0,0,0,0,0,0,0,0,0,0,0,0,0,0,0,0,0,0,0,2,3,0,0,0,1,1,0,36,25,29,59,0,70,31,30,26,31,31,46,39,40,61,48,84,95,82,90,99,137,149,135,137,166,136,152,162,724,58,200,218,155,249,464,419,714,599,641,710,766,915,1229,1320,1397,1764,1797,2229,2691,2420,2786,4692,3074,3322,3556,4218,4913,5396,4555,5997,6318,4449,4592,4282,4180,4052,4264,4171,3300,3886,4060,3930,3898,3991,3956,3416,3841,3531,4231,4516,3341,3559,3731,4425,3375,4084,4193,4251,4627,5294,3934,5383,5481,4957,5889,5444,5368,5963,8499,6226,7122,7310,7308,5549,7539,5629,6158,5446,6312,5301,5735,5972,4237,5496,5171,6521,5435,5052,3786,4046,5121,4134,377,4699,4372,3670,2723,2461,2490,1491,1960,1730,2215,1662,1067,1527,1018,1162,909,1131,790,1059,968,907,1347,1255,1205,749,966,969,783,1140,1069,977,1042,1041,927,682,985,981,912,986,1009,1316,1276,1414,1185,1388,1240,985,1165,1183,1337,1609,1339,1046,1265,1547,1204,1666,1582,1809,1773
Tra Vinh,0,0,0,0,0,0,0,0,0,0,0,0,0,0,0,0,0,0,0,0,0,0,0,0,0,0,0,0,0,0,0,0,0,0,1,1,0,0,0,0,0,0,0,0,0,0,0,0,0,0,0,0,0,0,0,1,0,0,0,0,0,0,0,1,0,0,1,2,1,0,2,3,2,8,2,2,8,3,2,3,2,15,0,8,0,10,9,15,0,27,13,3,92,18,36,0,31,31,33,0,9,62,0,67,15,8,0,91,140,16,0,71,79,0,51,47,24,39,34,6,24,20,19,13,20,36,14,18,7,5,33,20,8,11,1,2,2,7,4,5,0,5,0,5,8,1,1,4,2,1,1,0,2,7,3,1,0,1,2,10,10,52,21,16,8,29,48,28,46,21,18,41,14,33,45,38,57,76,58,113,60,108,82,92,59,82,83,72,67,36,123,86,73,75,51,180,74,121,85,120,134,179,194,152,194,194,281,260,202,295,299,294,309,328
Tuyen Quang,0,0,0,0,0,0,0,0,0,0,0,0,0,0,0,0,0,0,0,0,0,0,0,0,0,0,0,0,0,0,0,0,0,0,0,0,0,0,0,0,0,0,0,0,0,0,0,0,0,0,0,0,0,0,0,0,0,0,0,0,0,0,0,0,0,0,0,0,0,0,0,0,0,0,0,0,0,0,0,0,0,0,0,0,0,0,0,0,0,0,1,0,0,0,0,0,0,0,0,0,0,0,0,0,0,0,0,0,0,0,0,0,0,0,0,0,0,0,0,0,0,0,0,0,0,0,0,0,0,0,0,0,0,0,0,0,0,0,0,0,0,0,0,0,0,0,0,0,0,0,0,0,0,0,0,0,0,0,0,0,0,0,0,0,0,0,0,0,1,0,0,0,1,6,0,1,0,1,1,2,0,2,0,0,0,0,0,2,2,0,3,2,1,0,2,2,8,1,2,0,27,35,27,25,25,29,28,29,29,28,29,28,28,29
Vinh Long,0,0,0,0,0,0,0,0,0,0,0,0,0,0,0,0,0,0,0,0,0,0,0,0,0,0,0,0,0,0,0,0,0,0,0,0,0,0,0,0,0,0,0,0,0,0,0,0,0,0,0,0,0,0,0,0,1,0,0,0,0,0,0,1,0,1,3,3,2,3,2,24,17,0,26,43,26,23,17,17,49,42,38,41,43,39,38,12,25,50,49,73,0,31,15,48,50,50,72,60,58,63,62,57,57,52,63,0,71,57,0,131,76,61,60,23,0,49,10,11,5,12,14,6,5,7,7,7,5,8,20,9,7,0,0,3,0,1,5,3,3,0,3,0,2,4,6,0,0,11,3,3,3,8,7,6,4,4,4,7,10,20,10,14,11,10,12,10,15,14,15,15,15,14,15,14,15,14,15,15,18,18,18,25,37,35,36,50,50,67,75,92,97,128,149,154,157,159,284,292,288,289,291,290,314,303,297,311,307,505,482,491,536,539
Vinh Phuc,0,0,0,0,0,6,8,0,0,11,1,7,0,20,7,13,5,0,5,0,4,0,1,1,0,0,0,0,0,0,0,0,0,0,0,1,0,0,0,2,0,0,0,0,0,0,0,0,0,0,0,0,0,0,0,,0,0,0,0,0,0,0,,0,0,0,0,0,0,0,5,0,2,1,0,1,0,1,1,1,1,0,2,9,18,2,3,21,11,10,11,12,6,9,4,0,3,2,1,0,2,0,1,0,0,0,0,0,0,0,0,0,1,0,0,0,0,0,0,0,0,0,0,0,0,0,0,0,0,0,0,0,0,0,0,0,0,0,0,0,0,0,0,0,0,0,0,0,0,0,0,1,0,0,0,0,0,0,0,0,0,1,0,1,5,1,0,2,1,0,0,0,0,0,1,2,0,0,0,3,2,0,7,1,6,0,3,3,1,2,0,16,3,9,15,4,5,3,5,0,8,11,11,56,32,53,101,39,70,133,54,62,104
Yen Bai,0,0,0,0,0,0,0,0,0,0,0,0,0,0,0,0,0,0,0,0,0,0,0,0,0,0,0,0,0,0,0,0,0,0,0,0,0,0,0,0,0,0,0,0,0,0,0,0,0,0,0,0,0,0,0,0,0,0,0,0,0,0,0,0,0,0,0,0,0,0,0,0,0,0,0,0,0,0,0,0,0,0,0,0,0,0,0,0,0,0,0,0,0,0,0,0,0,0,0,1,1,0,0,0,0,0,0,0,0,0,0,0,0,0,0,0,0,0,0,0,0,0,0,0,0,0,0,0,0,0,0,0,0,0,0,0,0,0,0,0,0,0,0,0,0,0,0,0,0,0,0,0,0,0,0,0,0,0,0,0,0,0,3,1,0,0,0,0,0,0,2,0,0,0,1,2,0,2,0,0,0,0,0,1,0,0,0,0,0,0,0,0,1,0,0,0,2,1,0,0,2,1,1,0,1,5,1,1,1,1,0,0,1,3
